{"cameraMode":{"drawMode":0,"name":"Shaded","section":"Shading Mode"},"sceneLighting":true,"audioPlay":false,"sceneViewState":{"m_AlwaysRefresh":false,"showFog":true,"showSkybox":true,"showFlares":true,"showImageEffects":true,"showParticleSystems":true,"showVisualEffectGraphs":true,"m_FxEnabled":true},"in2DMode":false,"pivot":{"x":0.008995890617370606,"y":0.9452102184295654,"z":0.11278937757015228},"rotation":{"x":0.0013488774420693517,"y":-0.667255699634552,"z":0.0012060626177117229,"w":0.7448472380638123},"size":0.5151726603507996,"orthographic":false}