{"cameraMode":{"drawMode":0,"name":"Shaded","section":"Shading Mode"},"sceneLighting":true,"audioPlay":false,"sceneViewState":{"m_AlwaysRefresh":false,"showFog":true,"showSkybox":true,"showFlares":true,"showImageEffects":true,"showParticleSystems":true,"showVisualEffectGraphs":true,"m_FxEnabled":true},"in2DMode":false,"pivot":{"x":0.30668655037879946,"y":1.3523551225662232,"z":-0.30250129103660586},"rotation":{"x":0.156829833984375,"y":-0.6564881801605225,"z":0.1421990990638733,"w":0.7240397334098816},"size":7.466888904571533,"orthographic":false}