{"cameraMode":{"drawMode":0,"name":"Shaded","section":"Shading Mode"},"sceneLighting":true,"audioPlay":false,"sceneViewState":{"m_AlwaysRefresh":false,"showFog":true,"showSkybox":true,"showFlares":true,"showImageEffects":true,"showParticleSystems":true,"showVisualEffectGraphs":true,"m_FxEnabled":true},"in2DMode":false,"pivot":{"x":-2.2975165843963625,"y":0.15899264812469483,"z":-9.749360084533692},"rotation":{"x":-0.13681265711784364,"y":0.6134196519851685,"z":-0.10897085070610047,"w":-0.7701534032821655},"size":2.360814332962036,"orthographic":false}